id,Name,Adress,Name_of_the_Street,same_as_wikidata_Name_of_the_street,Type_of_road,URL,Only_for_Subs,Total_Parking_Spots,PRM_Spots,Electric_Spots,Bicycle_Spots,Maximum_Height,CoordenadaX,CoordenadaY,Tarif_1h,Tarif_2h,Tarif_3h,Tarif_4h,Tarif_24h,District,same_as_wikidata_District,Phone,Elevator,MonthlySubCar,AnnualSubCar,MonthlySubPRM,AnnualSubPRM,MothlySubElectric,AnnualSubElectric,MonthlySubMoto,AnnualSubMoto,MonthlySubBicl,Tarif_15mn Moto,Tarif_30mn Moto,Tarif_24h Moto
75105-P-077,LAGRANGE MAUBERT,"19 ter rue lagrange, 75005, Paris",rue Lagrange,https://wikidata.org/entity/Q3448723,street,https://www.saemes.fr/fr/parking/parking-lagrange-maubert,False,368,8,14,10,185,234.863.908,488.505.418,4.5,9,13.5,18,40.5,5,https://wikidata.org/entity/Q238723,143258447,True,269,2690,134.5,1345,134.5,1345,94.1,941,12,0.4,0.8,13.95
75117-P-114,PORTE D ASNIERES,"2 avenue de la porte d asnieres, 75017, Paris",avenue de la Porte-d'Asnières,https://wikidata.org/entity/Q2874012,avenue,https://fr.parkindigo.com/parking/paris-75017/porte-dasnieres-75170600,True,302,0,0,0,190,230.375.258,4.889.037.285,-1,-1,-1,-1,-1,17,https://wikidata.org/entity/Q197297,141720271,True,-1,-1,-1,-1,-1,-1,96,998,-1,-1,-1,-1
75116-P-074,GROS BOULAINVILLIERS,"15 ter rue de boulainvilliers, 75016, Paris",rue de Boulainvilliers,https://wikidata.org/entity/Q999097,street,https://www.saemes.fr/fr/parking/parking-gros-boulainvilliers,True,339,0,0,0,195,227.603.512,4.885.251.507,-1,-1,-1,-1,-1,16,https://wikidata.org/entity/Q194420,144829999,False,216,2160,-1,-1,108,1080,75.6,756,10,-1,-1,-1
75106-P-003,ODEON,"8 ter rue de l ecole de medecine, 75006, Paris",rue de l'École-de-Médecine,https://wikidata.org/entity/Q3451311,street,https://fr.parkindigo.com/parking/paris-75006/odeon-75061600,False,269,6,10,15,190,234.112.092,4.885.096.233,4.6,9.2,13.8,18.4,41.4,6,https://wikidata.org/entity/Q245546,-1,True,320,3200,-1,-1,160,1600,96,960,10,0.4,0.8,14.4
75114-P-111,DIDOT,"2 ter rue didot, 75014, Paris",rue Didot,https://wikidata.org/entity/Q3447681,street,https://www.saemes.fr/fr/parking/parking-didot,True,272,4,0,0,190,232.161.328,4.883.399.678,-1,-1,-1,-1,-1,14,https://wikidata.org/entity/Q187153,144829999,True,-1,-1,-1,-1,-1,-1,72,720,-1,-1,-1,-1
75108-P-030,MADELEINE TRONCHET,"21 m place de la madeleine, 75008, Paris",place de la Madeleine,https://wikidata.org/entity/Q3390375,place,https://www.saemes.fr/fr/parking/parking-madeleine-tronchet,False,949,20,465,52,190,232.442.949,4.887.086.907,4.6,9.2,13.8,18.4,41.4,8,https://wikidata.org/entity/Q270230,144826800,True,293,2930,146,1460,205.1,2051,102,1020,12,0.4,0.8,14.4
75107-P-134,LA TOUR MAUBOURG ORSAY,"45 ter quai d orsay, 75007, Paris",quai d'Orsay,https://wikidata.org/entity/Q1146988,quay,https://www.q-park-resa.fr/fr/parking/paris/tour-maubourg-33.html,False,434,9,3,0,190,23.097.455,4.886.236.723,5.8,11.6,17.4,23.2,47.85,7,https://wikidata.org/entity/Q259463,144180405,True,368,3545,-1,-1,145,1740,168,1312,-1,-1,-1,-1
75101-P-006,VENDOME,"26 ter place vendome, 75001, Paris",place Vendôme,https://wikidata.org/entity/Q643520,place,https://fr.parkindigo.com/parking/paris-75001/vendome-75010800,False,1111,30,4,0,190,233.000.068,4.886.783.544,5.4,10.8,16.2,21.6,48.6,1,https://wikidata.org/entity/Q161741,142605000,True,324,3369,-1,-1,162,1684,113,1179,10,0.5,0.95,16.65
75108-P-109,ETOILE FRIEDLAND,"14 ter avenue de friedland, 75008, Paris",avenue de Friedland,https://wikidata.org/entity/Q2873916,avenue,https://fr.parkindigo.com/parking/paris-75008/etoile-friedland-75080800,False,576,6,8,6,190,230.123.059,4.887.452.022,5.4,10.8,16.2,21.6,48.6,8,https://wikidata.org/entity/Q270230,142896964,True,309,3213,-1,-1,154,1606,141,1466,-1,-1,-1,-1
75117-P-112,MAC MAHON,"17 ter avenue mac mahon, 75017, Paris",avenue Mac-Mahon,https://wikidata.org/entity/Q2873763,avenue,https://fr.parkindigo.com/parking/paris-75017/mac-mahon-75171100,False,418,0,0,0,190,229.440.942,4.887.655.243,5,10,15,20,45,17,https://wikidata.org/entity/Q197297,141720271,True,274,2849,137,1424,137,1424,95,997,10,0.45,0.9,15.75
75115-P-034,CITROEN CEVENNES,"45 bis rue leblanc, 75015, Paris",rue Leblanc,https://wikidata.org/entity/Q3448802,street,https://fr.parkindigo.com/parking/paris-75015/citroen-cevennes-75150300,False,569,12,6,6,190,2.276.337,4.883.875.291,4.2,8.4,12.6,16.8,37.8,15,https://wikidata.org/entity/Q191066,145484330,True,222,2308,111,1154,111,1154,77,807,10,0.4,0.75,13.05
75117-P-011,CARNOT,"14 ter avenue carnot, 75017, Paris",avenue Carnot,https://wikidata.org/entity/Q2873553,avenue,https://www.saemes.fr/fr/parking/parking-carnot,False,398,0,0,0,190,229.327.733,4.887.597.062,4.4,8.8,13.2,17.6,39.6,17,https://wikidata.org/entity/Q197297,144829999,True,250,2500,-1,-1,125,1250,87,875,10,0.4,0.75,13.05
75101-P-008,LES HALLES ST EUSTACHE,"22 rue des halles, 75001, Paris",Rue des Halles,https://wikidata.org/entity/Q3451857,street,https://www.saemes.fr/fr/parking/parking-les-halles-st-eustache,False,360,5,2,41,185,234.596.398,4.886.068.216,4.5,9,13.5,18,40.5,1,https://wikidata.org/entity/Q161741,142365737,True,275,2750,137.5,1375,137.5,1375,96.3,963,18,0.4,0.8,13.95
75116-P-059,VICTOR HUGO POMPE,"122 avenue victor hugo, 75016, Paris",avenue Victor-Hugo,https://wikidata.org/entity/Q790581,avenue,https://fr.parkindigo.com/parking/paris-75016/victor-hugo-pompe-75160100,False,485,0,0,0,190,228.073.239,4.886.778.257,5,10,15,20,45,16,https://wikidata.org/entity/Q194420,141720260,False,348,3619,174,1809,174,1809,121,1266,10,0.45,0.9,15.75
75110-P-130,FRANZ LISZT,"32 ter rue des petits hotels, 75010, Paris",rue des Petits-Hôtels,https://wikidata.org/entity/Q3451962,street,https://fr.parkindigo.com/parking/paris-75010/franz-liszt-75100300,False,287,5,0,4,190,235.265.508,4.887.756.471,5,10,15,20,45,10,https://wikidata.org/entity/Q163948,141720265,True,259,2693,-1,-1,-1,-1,90,942,-1,-1,-1,-1
75112-P-100,VAN GOGH,"203 ter rue de bercy, 75012, Paris",Rue de Bercy,https://wikidata.org/entity/Q3450576,street,https://www.saemes.fr/fr/parking/parking-van-gogh,True,183,0,0,0,260,237.185.347,4.884.467.523,-1,-1,-1,-1,-1,12,https://wikidata.org/entity/Q171689,144829999,True,-1,-1,-1,-1,-1,-1,-1,-1,-1,-1,-1,-1
75116-P-022,PORTE D AUTEUIL,"6 ter avenue du general sarrail, 75016, Paris",avenue du Général-Sarrail,https://wikidata.org/entity/Q2874160,avenue,https://www.saemes.fr/fr/parking/parking-porte-dauteuil,False,1117,28,237,50,185,225.617.101,488.465.712,4.3,8.6,12.9,17.2,38.7,16,https://wikidata.org/entity/Q194420,146519018,True,159,1590,79.5,795,119.3,1193,55.7,557,11.3,0.4,0.8,13.5
75112-P-101,MEDITERRANEE,"40 rue de chalon, 75012, Paris",rue de Chalon,https://wikidata.org/entity/Q3450644,street,https://www.saemes.fr/fr/parking/parking-mediterranee-gare-de-lyon,False,1450,15,4,25,190,237.574.679,4.884.497.657,5.1,10.2,15.3,20.4,40.8,12,https://wikidata.org/entity/Q171689,143074858,True,310,3100,155,1550,155,1550,108.5,1085,10,0.45,0.9,14
75110-P-028,MAGENTA GARE DE L EST,"8 ter square alban satragne, 75010, Paris",square Alban-Satragne,https://wikidata.org/entity/Q3494445,square,https://fr.parkindigo.com/parking/paris-75010/alban-satragne-magenta-75100900,False,683,16,335,40,190,235.529.967,488.756.675,4.6,9.2,13.8,18.4,41.4,10,https://wikidata.org/entity/Q163948,147702536,True,263,2735,131,1367,131,1367,92,957,10,0.4,0.8,14.4
94080-P-156,MARIGNY CHATEAU,"10 cours marigny, 94300, Paris",Cours Marigny,https://wikidata.org/entity/Q100436354,cours,https://fr.parkindigo.com/parking/vincennes-94300/marigny-chateau-94120700,False,592,13,4,15,190,243.953.727,4.884.535.357,1.65,3.3,4.95,6.6,14.85,12,https://wikidata.org/entity/Q171689,143749643,True,105,1050,52.5,525,52.5,525,35,350,10,0.1,0.25,4.95
75111-P-080,ROQUETTE,"16 bis rue servan, 75011, Paris",rue Servan,https://wikidata.org/entity/Q3450052,street,https://www.saemes.fr/fr/parking/parking-roquette,True,278,0,0,0,190,238.370.585,4.885.986.034,-1,-1,-1,-1,-1,11,https://wikidata.org/entity/Q169293,144829999,False,-1,-1,54,-1,-1,-1,48,480,-1,-1,-1,-1
75118-P-078,MARCADET,"142 a rue marcadet, 75018, Paris",Rue Marcadet,https://wikidata.org/entity/Q2148907,street,https://www.saemes.fr/fr/parking/parking-marcadet,True,135,0,0,0,200,233.901.161,4.889.130.624,-1,-1,-1,-1,-1,18,https://wikidata.org/entity/Q200126,144829999,False,-1,-1,-1,1030,-1,-1,83,830,-1,-1,-1,-1
75113-P-153,UNIVERSITE DIDEROT (RIVE GAUCHE),"29 quater rue thomas mann, 75013, Paris",rue Thomas-Mann,https://wikidata.org/entity/Q3450144,street,https://fr.parkindigo.com/parking/paris-75013/universite-diderot-75131200,False,498,12,4,16,190,237.890.733,4.882.943.342,3.6,7.2,10.8,14.4,32.4,13,https://wikidata.org/entity/Q175129,144066050,True,193,2007,96,1003,96,1003,67,702,10,0.35,0.65,11.25
75116-P-122,DELESSERT,"11 rue beethoven, 75016, Paris",rue Beethoven,https://wikidata.org/entity/Q3447110,street,https://www.saemes.fr/fr/parking/parking-delessert,True,254,0,0,0,195,228.700.102,488.586.523,-1,-1,-1,-1,-1,16,https://wikidata.org/entity/Q194420,144829999,False,-1,-1,-1,-1,-1,-1,-1,-1,-1,-1,-1,-1
75101-P-052,PYRAMIDES,"14 ter rue des pyramides, 75001, Paris",rue des Pyramides,https://wikidata.org/entity/Q3451996,street,https://www.saemes.fr/fr/parking/parking-louvre-pyramides,False,578,12,8,18,190,233.318.657,4.886.512.039,4.6,9.2,13.8,18.4,41.4,1,https://wikidata.org/entity/Q161741,147030288,True,290,2900,145,1450,145,1450,101.5,1015,12,0.4,0.8,14.4
75116-P-016,PASSY,"82 ter rue de passy, 75016, Paris",rue de Passy,https://wikidata.org/entity/Q1299740,street,https://fr.parkindigo.com/parking/paris-75016/passy-75161100,False,351,8,3,20,190,22.753.247,4.885.819.322,4.8,9.6,14.4,19.2,43.2,16,https://wikidata.org/entity/Q194420,141720260,True,400,4160,200,2080,200,2080,140,1456,10,0.45,0.85,14.85
75112-P-164,VELOSTATION VAN GOGH,"4 m rue van gogh, 75012, Paris",rue Van-Gogh,https://wikidata.org/entity/Q3450227,street,https://www.saemes.fr/fr/parking/velostation-van-gogh,True,0,0,0,198,230,237.125.675,4.884.369.509,-1,-1,-1,-1,-1,12,https://wikidata.org/entity/Q171689,144829999,False,-1,-1,-1,-1,-1,-1,-1,-1,10,-1,-1,-1
75116-P-140,MARCEAU ETOILE,"75 ter avenue marceau, 75016, Paris",avenue Marceau,https://wikidata.org/entity/Q2873767,avenue,https://www.q-park.fr/fr-fr/villes/paris/marceau-champs-elysées/,False,503,10,2,0,190,229.688.532,4.887.147.207,6.3,12.6,18.9,25.2,50.4,16,https://wikidata.org/entity/Q194420,140701010,True,368,3545,-1,-1,145,1740,168,1312,-1,-1,-1,-1
75106-P-135,SAINT PLACIDE,"33 ter rue saint placide, 75006, Paris",rue Saint-Placide,https://wikidata.org/entity/Q3449958,street,https://www.q-park.fr/fr-fr/villes/paris/saint-placide-sèvres-rue-de-rennes/,True,207,5,0,0,190,232.569.223,4.884.861.163,-1,-1,-1,-1,-1,6,https://wikidata.org/entity/Q245546,140701010,True,-1,-1,-1,-1,-1,-1,195,2340,-1,-1,-1,-1
75105-P-085,POLIVEAU,"39 bis rue poliveau, 75005, Paris",rue Poliveau,https://wikidata.org/entity/Q3449590,street,https://www.saemes.fr/fr/parking/parking-poliveau,True,57,0,0,0,190,235.755.955,4.883.985.185,-1,-1,-1,-1,-1,5,https://wikidata.org/entity/Q238723,144829999,False,-1,-1,-1,-1,-1,-1,-1,-1,-1,-1,-1,-1
75118-P-038,PORTE DE CLIGNANCOURT,"20 ter avenue de la porte de clignancourt, 75018, Paris",avenue de la Porte-de-Clignancourt,https://wikidata.org/entity/Q2874027,avenue,https://www.sags.fr/parking-paris/paris-porte-de-clignancourt.html,False,508,11,4,20,190,234.452.756,4.889.960.751,3.8,7.6,11.4,15.2,34.2,18,https://wikidata.org/entity/Q200126,142640382,True,136,1360,-1,-1,95.5,955,47.6,476,10,0.3,0.65,11.7
75115-P-165,VELOSTATION GARE MONTPARNASSE,"22 m rue de l arrivee, 75015, Paris",rue de l'Arrivée,https://wikidata.org/entity/Q3451220,street,https://fr.parkindigo.com/parking/paris-75015/velostation-gare-montparnasse-75150800,True,0,0,0,340,230,232.100.915,4.884.267.019,-1,-1,-1,-1,-1,15,https://wikidata.org/entity/Q191066,145484330,False,-1,-1,-1,-1,-1,-1,-1,-1,10,-1,-1,-1
75104-P-007,HOTEL DE VILLE,"6 ter quai de gesvres, 75004, Paris",quai de Gesvres,https://wikidata.org/entity/Q3412682,quay,https://www.saemes.fr/fr/parking/parking-hotel-de-ville,False,455,10,27,17,180,2.349.561,4.885.658.712,4.4,8.8,13.2,17.6,39.6,4,https://wikidata.org/entity/Q230127,142715196,True,280,2800,140,1400,140,1400,98,980,18,0.4,0.8,13.5
75117-P-123,WAGRAM COURCELLES,"103 ter rue jouffroy d abbans, 75017, Paris",rue Jouffroy-d'Abbans,https://wikidata.org/entity/Q3448601,street,https://fr.parkindigo.com/parking/paris-75017/wagram-courcelles-75170700,False,564,5,0,0,190,230.128.819,4.888.189.715,5.2,10.4,15.6,20.8,46.8,17,https://wikidata.org/entity/Q197297,141720271,True,338,3515,-1,-1,-1,-1,122,1268,-1,-1,-1,-1
75117-P-036,TERNES,"4 ter avenue des ternes, 75017, Paris",avenue des Ternes,https://wikidata.org/entity/Q2874125,avenue,https://fr.parkindigo.com/parking/paris-75017/ternes-75172100,False,1086,23,3,0,185,229.685.646,4.887.815.862,4.6,9.2,13.8,18.4,41.4,17,https://wikidata.org/entity/Q197297,141720271,True,259,2693,129,1346,129,1346,90,942,10,0.4,0.8,14.4
75105-P-009,POLYTECHNIQUE,"13 ter rue jacques henri lartigue, 75005, Paris",rue Jacques-Henri-Lartigue,https://wikidata.org/entity/Q3448398,street,https://www.saemes.fr/fr/parking/parking-polytechnique,True,246,0,0,0,190,235.100.115,4.884.701.415,-1,-1,-1,-1,-1,5,https://wikidata.org/entity/Q238723,144829999,False,-1,-1,-1,-1,-1,-1,96,1013,-1,-1,-1,-1
75101-P-147,SEBASTOPOL,"37 ter boulevard sebastopol, 75001, Paris",boulevard de Sébastopol,https://wikidata.org/entity/Q895080,boulevard,https://fr.parkindigo.com/parking/paris-75001/sebastopol-75010500,False,488,12,2,0,190,234.947.353,4.886.098.926,5,10,15,20,45,1,https://wikidata.org/entity/Q161741,141720265,True,259,2693,-1,-1,129,1346,90,942,-1,-1,-1,-1
75112-P-062,BERCY RELAIS MERCURE,"69 ter rue de bercy, 75012, Paris",Rue de Bercy,https://wikidata.org/entity/Q3450576,street,https://all.accor.com/hotel/0941/index.fr.shtml,False,157,4,0,0,190,238.153.136,4.883.817.784,3.6,7.2,10.8,14.4,30,12,https://wikidata.org/entity/Q171689,153465050,False,155,1860,-1,-1,-1,-1,-1,-1,-1,-1,-1,-1
75101-P-046,LOUVRE SAMARITAINE,"7 place du louvre, 75001, Paris",place du Louvre,https://wikidata.org/entity/Q3390637,place,https://fr.parkindigo.com/parking/paris-75001/louvre-samaritaine-75011200,False,569,13,6,60,190,234.052.914,4.885.948.368,5,10,15,20,45,1,https://wikidata.org/entity/Q161741,141720261,True,299,3109,149,1554,149,1554,104,1088,10,0.45,0.9,15.75
75119-P-102,MAIRIE DU 19EME,"5 m rue andre dubois, 75019, Paris",rue André-Dubois,https://wikidata.org/entity/Q3446949,street,https://www.saemes.fr/fr/parking/parking-mairie-du-19eme,True,237,1,0,0,190,238.175.476,48.883.421,-1,-1,-1,-1,-1,19,https://wikidata.org/entity/Q204622,144829999,False,-1,-1,-1,-1,-1,-1,72,720,-1,-1,-1,-1
75106-P-081,ANDRE HONNORAT,"8 bis rue auguste comte, 75006, Paris",rue Auguste-Comte,https://wikidata.org/entity/Q3447025,street,https://fr.parkindigo.com/parking/paris-75006/andre-honnorat-75061700,True,326,0,0,0,190,233.797.566,4.884.422.067,-1,-1,-1,-1,-1,6,https://wikidata.org/entity/Q245546,-1,False,220,2200,-1,-1,-1,-1,150,1500,-1,-1,-1,-1
75104-P-116,RIVOLI SEBASTOPOL,"5 ter rue pernelle, 75004, Paris",rue Pernelle,https://wikidata.org/entity/Q3449461,street,https://www.saemes.fr/fr/parking/parking-rivoli-sebastopol,False,245,3,1,0,185,234.944.833,4.885.856.491,4.8,9.6,14.4,19.2,43.2,4,https://wikidata.org/entity/Q230127,142722993,False,264,2640,-1,-1,132,1320,106,1056,-1,0.45,0.85,14.85
75108-P-159,ROND POINT (GARAGE),"2 m rond point des champs elysees marcel dassault, 75008, Paris",rond-point des Champs-Élysées-Marcel-Dassault,https://wikidata.org/entity/Q3441676,roundabout,https://fr.parkindigo.com/acheteruneplace/parking/paris-75008/rond-point-des-champs-elysees-75080400,True,330,0,0,0,190,231.104.798,4.886.932.421,-1,-1,-1,-1,-1,8,https://wikidata.org/entity/Q270230,144829999,True,293,2930,-1,-1,146,1460,102,1020,10,-1,-1,-1
75112-P-047,REUILLY DIDEROT,"30 ter rue de reuilly, 75012, Paris",rue de Reuilly,https://wikidata.org/entity/Q3451004,street,https://www.saemes.fr/fr/parking/parking-reuilly-diderot,False,135,3,2,15,350,238.725.815,4.884.654.591,4.3,8.6,12.9,17.2,38.7,12,https://wikidata.org/entity/Q171689,143458121,True,196,1970,-1,-1,98,985,76,788,18,0.4,0.8,13.5
75112-P-115,HECTOR MALOT,"61 quater avenue daumesnil, 75012, Paris",avenue Daumesnil,https://wikidata.org/entity/Q2873598,avenue,https://www.saemes.fr/fr/parking/parking-hector-malot,True,442,6,0,7,200,237.633.192,4.884.690.131,-1,-1,-1,-1,-1,12,https://wikidata.org/entity/Q171689,144829999,True,-1,-1,86,860,-1,-1,77,770,18,-1,-1,-1
75104-P-124,BAUDOYER,"25 ter rue de rivoli, 75004, Paris",rue de Rivoli,https://wikidata.org/entity/Q141747,street,http://realpark.fr/parking/baudoyer.html,False,317,6,0,6,195,235.539.936,4.885.647.646,4.8,9.5,14.6,18.8,39.6,4,https://wikidata.org/entity/Q230127,144171819,True,249,2500,-1,-1,-1,-1,100,-1,-1,-1,-1,-1
75107-P-060,INVALIDES,"24 rue de constantine, 75007, Paris",rue de Constantine,https://wikidata.org/entity/Q3450684,street,https://fr.parkindigo.com/parking/paris-75007/invalides-75070100,False,1006,3,0,5,190,231.465.998,4.885.928.758,5,10,15,20,45,7,https://wikidata.org/entity/Q259463,147053647,False,278,2891,139,1445,139,1445,97,1011,10,0.45,0.9,15.75
75117-P-035,PORTE DE CHAMPERRET,"6 ter avenue de la porte de champerret, 75017, Paris",avenue de la Porte-de-Champerret,https://wikidata.org/entity/Q2874021,avenue,https://fr.parkindigo.com/parking/paris-75017/porte-de-champerret-75171600,False,1473,31,6,5,190,228.784.794,4.888.630.953,4.6,9.2,13.8,18.4,41.4,17,https://wikidata.org/entity/Q197297,141720271,True,164,1705,-1,-1,114,1193,81,842,10,0.4,0.8,14.4
75109-P-023,ANVERS,"41 bis boulevard de rochechouart, 75009, Paris",boulevard Marguerite-de-Rochechouart,https://wikidata.org/entity/Q2504703,boulevard,https://www.sags.fr/parking-paris/paris-anvers.html,False,506,11,4,15,190,234.401.878,488.826.603,4.4,8.8,13.2,17.6,39.6,9,https://wikidata.org/entity/Q275118,142810511,True,250,2500,-1,-1,175,1750,87.5,875,10,0.4,0.75,12.65
75117-P-064,PORTE MAILLOT,"16 place de la porte maillot, 75017, Paris",place de la Porte-Maillot,https://wikidata.org/entity/Q3390388,place,https://fr.parkindigo.com/parking/paris-75017/porte-maillot-75172200,False,944,38,3,0,190,228.226.367,4.887.873.861,4.6,9.2,13.8,18.4,41.4,17,https://wikidata.org/entity/Q197297,141720260,True,201,2090,100,1045,100,1045,70,731,10,0.4,0.8,14.4
75112-P-029,BASTILLE,"29 boulevard de la bastille, 75012, Paris",boulevard de la Bastille,https://wikidata.org/entity/Q2922015,boulevard,https://fr.parkindigo.com/parking/paris-75012/bastille-75121100,False,447,5,50,78,190,236.818.245,4.884.948.604,4.4,8.8,13.2,17.6,39.6,12,https://wikidata.org/entity/Q171689,143467415,True,203,2030,101,1010,101,1010,71,710,10,0.4,0.8,13.5
75113-P-163,WATT (RIVE GAUCHE),"50 rue watt, 75013, Paris",rue Watt,https://wikidata.org/entity/Q3450393,street,https://fr.parkindigo.com/parking/paris-75013/zac-rive-gauche-watt-75131300,True,604,17,0,10,190,237.867.831,4.882.650.967,-1,-1,-1,-1,-1,13,https://wikidata.org/entity/Q175129,144066050,True,95,988,47,494,47,494,33,345,10,-1,-1,-1
75105-P-133,CASERNE MONGE,"17 ter rue gracieuse, 75005, Paris",rue Gracieuse,https://wikidata.org/entity/Q3448178,street,https://www.saemes.fr/fr/parking/parking-monge,True,359,5,0,0,190,235.141.587,4.884.253.826,-1,-1,-1,-1,-1,5,https://wikidata.org/entity/Q238723,144829999,False,212,2160,106,-1,-1,-1,106,1080,-1,-1,-1,-1
75118-P-073,DAMREMONT,"73 ter rue damremont, 75018, Paris",rue Damrémont,https://wikidata.org/entity/Q3447599,street,https://www.sags.fr/parking-paris/paris-damremont.html,True,139,0,0,0,220,233.575.449,488.928.896,-1,-1,-1,-1,-1,18,https://wikidata.org/entity/Q200126,-1,False,220,2200,-1,-1,143,1430,77,770,10,-1,-1,-1
75116-P-013,EYLAU,"6 avenue d eylau, 75016, Paris",avenue d'Eylau,https://wikidata.org/entity/Q2873891,avenue,https://fr.parkindigo.com,True,174,0,0,0,190,228.614.446,488.637.666,-1,-1,-1,-1,-1,16,https://wikidata.org/entity/Q194420,141720260,False,-1,-1,-1,-1,-1,-1,-1,-1,-1,-1,-1,-1
75106-P-139,SAINT MICHEL,"5 place saint andre des arts, 75006, Paris",place Saint-André-des-Arts,https://wikidata.org/entity/Q3390073,place,https://fr.parkindigo.com/parking/paris-75005/place-saint-michel-75050200,False,428,9,3,4,190,234.332.133,4.885.292.358,5.2,10.4,15.6,20.8,46.8,6,https://wikidata.org/entity/Q245546,156244432,True,366,3806,183,1903,183,1903,128,1332,10,0.45,0.9,16.2
75108-P-015,HOCHE,"14 quater avenue hoche, 75008, Paris",avenue Hoche,https://wikidata.org/entity/Q2873695,avenue,https://fr.parkindigo.com/parking/paris-75008/hoche-75080500,False,954,10,0,0,190,230.215.928,4.887.684.389,5.2,10.4,15.6,20.8,46.8,8,https://wikidata.org/entity/Q270230,141720271,True,322,3348,-1,-1,-1,-1,177,1841,-1,-1,-1,-1
75112-P-103,FAUBOURG SAINT ANTOINE,"83 ter avenue ledru rollin, 75012, Paris",avenue Ledru-Rollin,https://wikidata.org/entity/Q2873739,avenue,https://fr.parkindigo.com/parking/paris-75012/faubourg-saint-antoine-75120200,False,371,6,4,0,190,237.556.129,4.885.084.205,5,10,15,20,45,12,https://wikidata.org/entity/Q171689,144755243,True,257,2672,-1,-1,-1,-1,140,1456,-1,-1,-1,-1
75107-P-058,JOFFRE,"2 ter place joffre, 75007, Paris",Place Joffre,https://wikidata.org/entity/Q100360629,place,https://fr.parkindigo.com/parking/paris-75007/joffre-ecole-militaire-75070200,False,938,1,0,6,190,230.520.683,4.885.422.717,5,10,15,20,45,7,https://wikidata.org/entity/Q259463,145484330,False,211,2194,105,1097,105,1097,-1,-1,10,0.45,0.9,15.75
75115-P-021,MAIRIE DU 15 EME LECOURBE,"147 rue lecourbe, 75015, Paris",rue Lecourbe,https://wikidata.org/entity/Q3448815,street,https://www.saemes.fr/fr/parking/parking-mairie-du-15eme-lecourbe,False,275,6,4,17,190,229.956.743,4.884.162.434,4.3,8.6,12.9,17.2,38.7,15,https://wikidata.org/entity/Q191066,148285708,True,240,2400,120,1200,120,1200,84,840,12,0.4,0.8,13.5
75108-P-024,CONCORDE,"14 place de la concorde, 75008, Paris",place de la Concorde,https://wikidata.org/entity/Q189503,place,https://fr.parkindigo.com/parking/paris-75008/place-de-la-concorde-75082100,False,836,13,0,0,190,232.000.365,4.886.617.169,5,10,15,20,45,8,https://wikidata.org/entity/Q270230,143128070,False,249,2589,124,1294,124,1294,87,906,10,0.45,0.9,15.75
75117-P-108,JOUFFROY,"6 ter rue jouffroy d abbans, 75017, Paris",rue Jouffroy-d'Abbans,https://wikidata.org/entity/Q3448601,street,https://fr.parkindigo.com/parking/paris-75017/jouffroy-75170500,True,209,0,0,0,190,231.320.136,4.888.716.223,-1,-1,-1,-1,-1,17,https://wikidata.org/entity/Q197297,141720271,False,-1,-1,-1,-1,-1,-1,-1,-1,-1,-1,-1,-1
75113-P-151,BIBLIOTHEQUE F. MITTERRAND (RIVE GAUCHE),"16 rue emile durkheim, 75013, Paris",rue Émile-Durkheim,https://wikidata.org/entity/Q3452693,street,https://fr.parkindigo.com/parking/paris-75013/bibliotheque-francois-mitterrand-75131100,False,1018,21,3,20,190,237.732.985,4.883.224.971,4.2,8.4,12.6,16.8,37.8,13,https://wikidata.org/entity/Q175129,144066050,True,248,2579,124,1289,124,1289,86,902,10,0.4,0.75,13.05
75106-P-161,SAINT SULPICE (GARAGE),"8 m place saint sulpice, 75006, Paris",place Saint-Sulpice,https://wikidata.org/entity/Q2735858,place,https://fr.parkindigo.com/parking/paris-75006/saint-sulpice-75060200,True,196,0,42,15,190,233.355.468,488.511.911,-1,-1,-1,-1,-1,6,https://wikidata.org/entity/Q245546,143254557,True,379,3941,189,1970,189,1970,132,1379,10,-1,-1,-1
75108-P-110,ALMA GEORGE V,"6 ter avenue george v, 75008, Paris",avenue George-V,https://wikidata.org/entity/Q2873657,avenue,https://fr.parkindigo.com/parking/paris-75008/alma-george-v-75080700,False,502,6,8,0,190,230.157.196,4.886.532.864,5.4,10.8,16.2,21.6,48.6,8,https://wikidata.org/entity/Q270230,142250483,True,334,3473,-1,-1,167,1736,116,1215,-1,-1,-1,-1
75108-P-014,SAINT AUGUSTIN,"18 rue de laborde, 75008, Paris",rue de Laborde,https://wikidata.org/entity/Q3450794,street,https://www.saemes.fr/fr/parking/parking-bergson,False,901,1,1,20,190,232.032.135,4.887.574.961,4.6,9.2,13.8,18.4,41.4,8,https://wikidata.org/entity/Q270230,144826800,False,293,2930,146,1460,205.1,2051,102,1020,12,0.4,0.8,14.4
75105-P-084,MAUBERT COLLEGE DES BERNARDINS,"39 ter boulevard saint germain, 75005, Paris",boulevard Saint-Germain,https://wikidata.org/entity/Q533037,boulevard,https://www.saemes.fr/fr/parking/parking-maubert-college-des-bernardins,False,607,12,2,12,185,235.091.141,4.884.949.201,4.5,9,13.5,18,40.5,5,https://wikidata.org/entity/Q238723,143269701,True,235,2350,117.5,1175,117.5,1175,82.2,822.5,18,0.4,0.8,13.95
75108-P-054,FRANCOIS 1ER,"17 quater rue francois 1er, 75008, Paris",rue François-Ier,https://wikidata.org/entity/Q3447973,street,https://www.interparking-france.com/fr-FR/find-parking/ParcFrancois1er/,False,550,13,7,15,190,230.564.778,4.886.736.859,4.3,8.6,12.9,17.2,38.7,8,https://wikidata.org/entity/Q270230,147234145,True,300,3000,150,1500,150,1500,105,1050,10,0.4,0.8,13.5
75108-P-031,HAUSSMANN BERRI,"163 ter boulevard haussmann, 75008, Paris",boulevard Haussmann,https://wikidata.org/entity/Q895076,boulevard,https://www.saemes.fr/fr/parking/parking-haussmann-berri,False,1704,20,50,60,190,230.862.835,4.887.491.094,4.4,8.8,13.2,17.6,39.6,8,https://wikidata.org/entity/Q270230,145639462,False,257,2570,128,1280,128,1280,89,899.5,12,0.4,0.8,13.5
75106-P-057,SAINT SULPICE,"8 m place saint sulpice, 75006, Paris",place Saint-Sulpice,https://wikidata.org/entity/Q2735858,place,https://fr.parkindigo.com/parking/paris-75006/saint-sulpice-75060200,False,369,10,6,0,190,233.355.769,4.885.118.161,5.4,10.8,16.2,21.6,48.6,6,https://wikidata.org/entity/Q245546,143254557,True,362,3764,-1,-1,-1,-1,137,1425,-1,-1,-1,-1
75104-P-010,LUTECE,"1 ter boulevard du palais, 75004, Paris",boulevard du Palais,https://wikidata.org/entity/Q2922067,boulevard,https://fr.parkindigo.com/parking/paris-75004/lutece-75040700,False,326,0,0,0,190,234.612.474,4.885.543.438,4,8,12,16,36,4,https://wikidata.org/entity/Q230127,140469561,False,273,2839,136,1419,136,1419,95,993,10,0.35,0.7,12.6
75101-P-104,CROIX DES PETITS CHAMPS,"14 rue croix des petits champs, 75001, Paris",rue Croix-des-Petits-Champs,https://wikidata.org/entity/Q3447566,street,https://fr.parkindigo.com/parking/paris-75001/croix-des-petits-champs-75010400,False,428,7,0,0,190,233.961.047,4.886.307.153,5,10,15,20,45,1,https://wikidata.org/entity/Q161741,147039221,True,416,4326,208,2163,208,2163,145,1514,10,0.45,0.9,15.75
75107-P-071,GOURAUD,"5 avenue emile pouvillon, 75007, Paris",avenue Émile-Pouvillon,https://wikidata.org/entity/Q2874209,avenue,https://www.saemes.fr/fr/parking/parking-gouraud,True,339,0,0,0,190,229.913.416,4.885.745.971,-1,-1,-1,-1,-1,7,https://wikidata.org/entity/Q259463,145484330,False,-1,-1,-1,-1,-1,-1,-1,-1,-1,-1,-1,-1
75115-P-118,GENERAL BEURET,"31 ter rue du general beuret, 75015, Paris",rue du Général-Beuret,https://wikidata.org/entity/Q3452338,street,https://www.saemes.fr/fr/parking/parking-general-beuret,True,170,1,0,0,185,23.023.162,4.884.025.777,-1,-1,-1,-1,-1,15,https://wikidata.org/entity/Q191066,144829999,False,-1,-1,-1,-1,-1,-1,-1,-1,-1,-1,-1,-1
75116-P-082,MOZART,"2 quater rue de la cure, 75016, Paris",rue de la Cure,https://wikidata.org/entity/Q3451408,street,https://www.saemes.fr/fr/parking/parking-mozart,True,161,0,0,0,190,226.866.284,4.885.372.239,-1,-1,-1,-1,-1,16,https://wikidata.org/entity/Q194420,144829999,True,-1,-1,-1,-1,-1,-1,-1,1204,-1,-1,-1,-1
75116-P-162,JEAN BOUIN,"17 rue nungesser et coli, 75016, Paris",rue Nungesser-et-Coli,https://wikidata.org/entity/Q3449332,street,https://www.saemes.fr/fr/parking/parking-jean-bouin,False,485,13,0,52,190,225.210.919,4.884.430.241,4,8,12,16,36,16,https://wikidata.org/entity/Q194420,146519018,True,159,1590,79.5,795,119.3,1193,55.7,557,11.3,0.35,0.7,12.6
75106-P-121,SAINTS PERES,"47 ter rue jacob, 75006, Paris",rue Jacob,https://wikidata.org/entity/Q3448385,street,https://fr.parkindigo.com/parking/paris-75006/saints-peres-75060300,True,460,0,0,0,190,233.236.355,488.560.091,-1,-1,-1,-1,-1,6,https://wikidata.org/entity/Q245546,145491855,False,-1,-1,-1,-1,-1,-1,-1,-1,-1,-1,-1,-1
75117-P-065,PRONY,"37 ter rue de prony, 75017, Paris",rue de Prony,https://wikidata.org/entity/Q3450989,street,https://www.saemes.fr/fr/parking/parking-prony,True,172,0,0,0,190,230.582.921,4.888.158.487,-1,-1,-1,-1,-1,17,https://wikidata.org/entity/Q197297,144829999,False,-1,-1,-1,-1,-1,-1,-1,-1,-1,-1,-1,-1
75109-P-018,MEYERBEER (OPERA),"2 ter rue de la chaussee d antin, 75009, Paris",rue de la Chaussée-d'Antin,https://wikidata.org/entity/Q1640681,street,https://www.sags.fr/parking-paris/paris-meyerbeer-opera.html,False,550,12,3,99,190,233.405.582,4.887.135.174,4.4,8.8,13.2,17.6,39.6,9,https://wikidata.org/entity/Q275118,186221858,True,300,3000,-1,-1,210,2100,105,1050,10,0.4,0.75,12.65
75114-P-019,MONTPARNASSE RASPAIL,"120 quater boulevard du montparnasse, 75014, Paris",boulevard du Montparnasse,https://wikidata.org/entity/Q2922078,boulevard,https://fr.parkindigo.com/parking/paris-75014/montparnasse-raspail-75140300,False,762,0,0,0,190,233.079.393,4.884.146.614,4.4,8.8,13.2,17.6,39.6,14,https://wikidata.org/entity/Q187153,145484330,False,230,2300,-1,-1,115,1150,80,800,10,0.35,0.7,13.5
75101-P-041,HARLAY (PONT NEUF),"40 bis quai des orfevres, 75001, Paris",quai des Orfèvres,https://wikidata.org/entity/Q3412725,quay,https://fr.parkindigo.com/parking/paris-75001/harlay-pont-neuf-75010300,False,736,7,0,0,190,23.427.859,4.885.566.488,4.8,9.6,14.4,19.2,43.2,1,https://wikidata.org/entity/Q161741,146339748,True,269,2797,-1,-1,134,1398,94,978,-1,-1,-1,-1
75106-P-055,SAINT GERMAIN DES PRES,"169 ter boulevard saint germain, 75006, Paris",boulevard Saint-Germain,https://wikidata.org/entity/Q533037,boulevard,https://fr.parkindigo.com/parking/paris-75006/saint-germain-des-pres-75060800,False,342,17,6,0,190,233.113.402,4.885.420.443,5.4,10.8,16.2,21.6,48.6,6,https://wikidata.org/entity/Q245546,145491855,True,338,3515,-1,-1,-1,-1,144,1497,-1,-1,-1,-1
75109-P-045,MONTHOLON,"3 m rue mayran, 75009, Paris",rue Mayran,https://wikidata.org/entity/Q3449136,street,https://fr.parkindigo.com/parking/paris-75009/montholon-75091600,False,423,9,3,8,190,234.595.065,4.887.687.366,4.4,8.8,13.2,17.6,39.6,9,https://wikidata.org/entity/Q275118,142853757,True,253,2631,126,1315,126,1315,88,920,10,0.4,0.8,13.5
75108-P-125,CHAMPS ELYSEES PIERRE CHARRON,"67 ter rue pierre charron, 75008, Paris",rue Pierre-Charron,https://wikidata.org/entity/Q3449508,street,https://fr.parkindigo.com/parking/paris-75008/pierre-charron-champs-elysees-75081900,False,398,8,9,0,195,230.459.026,4.887.021.579,5.4,10.8,16.2,21.6,48.6,8,https://wikidata.org/entity/Q270230,140740960,True,304,3161,152,1580,152,1580,106,1106,10,0.5,0.95,16.65
75105-P-070,GAY LUSSAC,"45 ter rue gay lussac, 75005, Paris",rue Gay-Lussac,https://wikidata.org/entity/Q3448100,street,https://www.saemes.fr/fr/parking/parking-gay-lussac,True,103,0,0,0,195,234.332.861,4.884.187.546,-1,-1,-1,-1,-1,5,https://wikidata.org/entity/Q238723,144829999,False,-1,-1,-1,-1,-1,-1,-1,-1,-1,-1,-1,-1
75108-P-002,MALESHERBES ANJOU,"20 ter boulevard malesherbes, 75008, Paris",boulevard Malesherbes,https://wikidata.org/entity/Q2921874,boulevard,https://www.sags.fr/parking-paris/paris-malesherbes-anjou.html,False,859,12,18,110,190,232.170.183,4.887.250.966,5,10,15,20,45,8,https://wikidata.org/entity/Q270230,142650611,False,313,3130,156.5,1565,156.5,1565,109,1090,10,0.4,0.8,14.4
75110-P-126,RECOLLETS,"3 ter passage des recollets, 75010, Paris",passage des Récollets,https://wikidata.org/entity/Q3368130,crossing,https://www.saemes.fr/fr/parking/parking-recollets,True,100,0,0,0,200,235.911.877,4.887.418.354,-1,-1,-1,-1,-1,10,https://wikidata.org/entity/Q163948,144829999,True,185,1850,-1,-1,-1,-1,93,930,-1,-1,-1,-1
75112-P-127,LYON DIDEROT,"196 rue de  bercy, 75012, Paris",Rue de Bercy,https://wikidata.org/entity/Q3450576,street,https://www.effia.com/parking/parking-paris-gare-de-lyon-diderot-effia,False,305,6,5,0,190,237.216.992,4.884.468.165,5,9.8,14.4,18.8,38.2,12,https://wikidata.org/entity/Q171689,153176308,True,-1,-1,-1,-1,-1,-1,108.6,-1,-1,0.6,1.2,18.6
75112-P-017,PICPUS NATION,"65 m boulevard de picpus, 75012, Paris",boulevard de Picpus,https://wikidata.org/entity/Q2921991,boulevard,https://fr.parkindigo.com/parking/paris-75012/picpus-nation-75120100,False,914,16,2,0,190,239.914.441,4.884.715.454,3.6,7.2,10.8,14.4,32.4,12,https://wikidata.org/entity/Q171689,146286047,True,139,1445,69,722,69,722,48,505,10,0.35,0.65,11.25
75113-P-119,CHARLETY THOMIRE,"2 rue thomire, 75013, Paris",rue Thomire,https://wikidata.org/entity/Q3450148,street,https://www.saemes.fr/fr/parking/parking-charlety-thomire,True,883,26,0,0,190,234.815.367,4.881.978.937,-1,-1,-1,-1,-1,13,https://wikidata.org/entity/Q175129,144829999,True,102,1020,46,-1,-1,-1,41,410,-1,-1,-1,-1
75108-P-020,GEORGE V,"113 avenue des champs elysees, 75008, Paris",avenue des Champs-Élysées,https://wikidata.org/entity/Q550,avenue,https://fr.parkindigo.com/parking/paris-75008/george-v-75082400,False,1106,21,26,68,190,229.949.965,4.887.215.419,5.2,10.4,15.6,20.8,46.8,8,https://wikidata.org/entity/Q270230,147200268,True,270,2808,135,1404,135,1404,94,982,10,0.45,0.9,16.2
75112-P-129,BERCY SEINE VEHICULES LEGERS,"180 quai de bercy, 75012, Paris",quai de Bercy,https://wikidata.org/entity/Q3412678,quay,https://www.saemes.fr/fr/parking/parking-bercy-seine,False,300,14,2,10,190,238.083.038,4.883.505.677,4.1,8.2,12.3,16.4,36.9,12,https://wikidata.org/entity/Q171689,143074858,True,176,1760,-1,-1,88,880,70.4,704,18,0.35,0.7,12.6
75114-P-117,MAINE BASCH ALESIA,"204 ter avenue du maine, 75014, Paris",avenue du Maine,https://wikidata.org/entity/Q2874166,avenue,https://fr.parkindigo.com/parking/paris-75014/alesia-75140400,False,482,10,2,5,185,232.571.957,4.883.027.508,4.6,9.2,13.8,18.4,41.4,14,https://wikidata.org/entity/Q187153,143205699,True,212,2204,106,1102,106,1102,74,771,10,0.4,0.8,14.4
75117-P-079,PEREIRE,"211 m boulevard pereire, 75017, Paris",boulevard Pereire,https://wikidata.org/entity/Q2921894,boulevard,https://www.saemes.fr/fr/parking/parking-pereire,True,277,0,0,0,200,229.020.357,4.888.102.649,-1,-1,-1,-1,-1,17,https://wikidata.org/entity/Q197297,144829999,False,205,2050,-1,-1,-1,-1,-1,1262,-1,-1,-1,-1
75115-P-157,FREMICOURT,"13 ter rue fremicourt, 75015, Paris",rue Frémicourt,https://wikidata.org/entity/Q3448027,street,https://fr.parkindigo.com/parking/paris-75015/fremicourt-75150700,True,204,5,2,21,190,229.739.674,4.884.734.233,-1,-1,-1,-1,-1,15,https://wikidata.org/entity/Q191066,145484330,True,238,2475,119,1237,119,1237,83,866,10,-1,-1,-1
75105-P-050,SOUFFLOT,"18 m rue soufflot, 75005, Paris",rue Soufflot,https://wikidata.org/entity/Q3450080,street,https://fr.parkindigo.com/parking/paris-75005/soufflot-pantheon-75050100,False,689,13,6,8,190,234.241.862,4.884.708.752,4.8,9.6,14.4,19.2,43.2,5,https://wikidata.org/entity/Q238723,143261554,True,261,2714,130,1357,130,1357,91,949,10,0.45,0.85,14.85
75110-P-131,EURONORD LARIBOISIERE,"10 ter rue ambroise pare, 75010, Paris",rue Ambroise-Paré,https://wikidata.org/entity/Q1553727,street,https://fr.parkindigo.com/parking/paris-75010/euronord-lariboisiere-75100400,False,482,10,0,6,190,235.217.631,4.888.204.018,5,10,15,20,45,10,https://wikidata.org/entity/Q163948,141720265,True,229,2381,114,1190,114,1190,80,833,10,0.45,0.9,15.75
75116-P-138,VERSAILLES REYNAUD,"178 ter avenue de versailles, 75016, Paris",avenue de Versailles,https://wikidata.org/entity/Q2873964,avenue,https://fr.parkindigo.com/parking/paris-75016/versailles-reynaud-75160900,False,263,1,0,0,190,226.260.484,4.883.966.022,5.2,10.4,15.6,20.8,46.8,16,https://wikidata.org/entity/Q194420,145484330,True,228,2371,-1,-1,-1,-1,96,998,-1,-1,-1,-1
75107-P-063,SUFFREN,"8 ter place joffre, 75007, Paris",Place Joffre,https://wikidata.org/entity/Q100360629,place,https://fr.parkindigo.com,True,162,0,0,0,190,230.187.526,4.885.199.765,-1,-1,-1,-1,-1,7,https://wikidata.org/entity/Q259463,145484330,False,-1,-1,-1,-1,-1,-1,-1,-1,-1,-1,-1,-1
75105-P-076,PATRIARCHES,"42 ter rue daubenton, 75005, Paris",rue Daubenton,https://wikidata.org/entity/Q3447621,street,https://fr.parkindigo.com/parking/paris-75005/patriarches-75050300,False,344,7,3,10,190,23.508.884,4.884.034.371,4.8,9.6,14.4,19.2,43.2,5,https://wikidata.org/entity/Q238723,143374353,True,306,3182,153,1591,153,1591,107,1113,10,0.45,0.85,14.85
75116-P-012,FOCH,"4 ter avenue foch, 75016, Paris",avenue Foch,https://wikidata.org/entity/Q790562,avenue,https://fr.parkindigo.com/parking/paris-75016/foch-75161300,False,2024,14,0,5,190,229.199.298,4.887.364.988,5,10,15,20,47.5,16,https://wikidata.org/entity/Q194420,141720260,True,328,3411,164,1705,164,1705,114,1193,10,0.8,1.2,16.55
75109-P-113,MILTON,"31 ter rue milton, 75009, Paris",Rue Milton,https://wikidata.org/entity/Q3449176,street,https://www.saemes.fr/fr/parking/parking-milton,True,99,0,0,0,190,234.197.019,4.887.905.983,-1,-1,-1,-1,-1,9,https://wikidata.org/entity/Q275118,144829999,False,-1,-1,-1,-1,-1,-1,-1,-1,-1,-1,-1,-1
75117-P-072,MAIRIE DU 17 EME,"20 rue des batignolles, 75017, Paris",rue des Batignolles,https://wikidata.org/entity/Q3451664,street,https://www.saemes.fr/fr/parking/parking-mairie-du-17eme,False,323,7,2,55,180,232.145.852,4.888.469.716,4.3,8.6,12.9,17.2,38.7,17,https://wikidata.org/entity/Q197297,153043010,True,240,2400,-1,-1,-1,-1,96,960,18,0.4,0.8,13.5
75115-P-049,PORTE DE VERSAILLES,"40 ter boulevard victor, 75015, Paris",boulevard Victor,https://wikidata.org/entity/Q2921958,boulevard,https://www.sags.fr/parking-paris/paris-porte-de-versailles.html,False,474,10,4,10,190,228.540.134,4.883.364.524,4.7,9.4,14.1,18.8,51.7,15,https://wikidata.org/entity/Q191066,153684609,True,243,2430,121.5,1215,116.2,1162,85.05,850.5,10,0.4,0.8,17.6
75108-P-107,CHAMPS ELYSEES,"64 avenue des champs elysees, 75008, Paris",avenue des Champs-Élysées,https://wikidata.org/entity/Q550,avenue,https://fr.parkindigo.com/parking/paris-75008/champs-elysees-75080600,False,826,11,10,0,190,2.305.418,48.870.672,5.2,10.4,15.6,20.8,46.8,8,https://wikidata.org/entity/Q270230,145614079,True,281,2922,-1,-1,140,1461,98,1022,-1,-1,-1,-1
75117-P-004,VILLIERS,"14 ter avenue de villiers, 75017, Paris",avenue de Villiers,https://wikidata.org/entity/Q2873967,avenue,https://fr.parkindigo.com/parking/paris-75017/villiers-75171800,False,388,4,2,10,190,231.430.614,4.888.185.618,5,10,15,20,45,17,https://wikidata.org/entity/Q197297,141720271,True,343,3567,171,1783,171,1783,120,1248,10,0.45,0.9,15.75
75114-P-033,MAIRIE DU 14 EME,"1 ter rue charles divry, 75014, Paris",rue Charles-Divry,https://wikidata.org/entity/Q3447384,street,https://www.saemes.fr/fr/parking/parking-mairie-du-14eme,True,161,0,2,0,190,232.738.266,4.883.305.564,-1,-1,-1,-1,-1,14,https://wikidata.org/entity/Q187153,144829999,False,263,2630,131.5,1315,131.5,1315,-1,-1,-1,-1,-1,-1
75118-P-105,CARPEAUX,"5 ter rue carpeaux, 75018, Paris",rue Carpeaux,https://wikidata.org/entity/Q3447324,street,https://www.saemes.fr/fr/parking/parking-carpeaux,True,97,1,0,0,190,232.973.617,4.889.029.795,-1,-1,-1,-1,-1,18,https://wikidata.org/entity/Q200126,144829999,False,-1,-1,-1,-1,-1,-1,76,760,-1,-1,-1,-1
75107-P-075,CHAMPAGNY,"15 m rue casimir perier, 75007, Paris",rue Casimir-Perier,https://wikidata.org/entity/Q3447330,street,https://www.saemes.fr/fr/parking/parking-champagny,True,111,0,0,0,190,23.193.649,4.885.807.027,-1,-1,-1,-1,-1,7,https://wikidata.org/entity/Q259463,144829999,False,-1,-1,-1,-1,-1,-1,-1,-1,-1,-1,-1,-1
75107-P-042,BAC MONTALEMBERT,"39 rue du bac, 75007, Paris",rue du Bac,https://wikidata.org/entity/Q1470209,street,https://www.saemes.fr/fr/parking/parking-bac-montalembert,False,417,9,3,0,190,232.697.691,4.885.659.157,4.6,9.2,13.8,18.4,41.4,7,https://wikidata.org/entity/Q259463,142221566,True,380,3800,-1,-1,190,1900,133,1330,10,0.4,0.8,14.4
75102-P-048,BOURSE,"12 quater place de la bourse, 75002, Paris",place de la Bourse,https://wikidata.org/entity/Q3390344,place,https://www.sags.fr/parking-paris/paris-bourse.html,False,899,3,3,0,190,234.077.428,4.886.963.785,4.8,9.6,14.4,19.2,43.2,2,https://wikidata.org/entity/Q209549,186222327,False,380,3800,-1,-1,266,2660,133,1330,10,0.4,0.8,14.4
75116-P-053,PLACE VICTOR HUGO,"76 ter avenue victor hugo, 75016, Paris",avenue Victor-Hugo,https://wikidata.org/entity/Q790581,avenue,https://fr.parkindigo.com/parking/paris-75016/place-victor-hugo-75160400,False,530,6,6,5,190,228.454.072,4.886.938.969,5,10,15,20,45,16,https://wikidata.org/entity/Q194420,141720260,True,348,3619,174,1809,174,1809,121,1266,10,0.45,0.9,15.75
75106-P-086,MARCHE SAINT GERMAIN,"2 ter rue lobineau, 75006, Paris",rue Lobineau,https://wikidata.org/entity/Q3448884,street,https://www.saemes.fr/fr/parking/parking-marche-saint-germain,True,113,0,0,0,190,23.366.929,4.885.179.163,-1,-1,-1,-1,-1,6,https://wikidata.org/entity/Q245546,144829999,False,-1,-1,-1,-1,-1,-1,-1,-1,-1,-1,-1,-1
75113-P-150,BORDS DE SEINE FREYSSINET (RIVE GAUCHE),"25 ter rue abel gance, 75013, Paris",rue Abel-Gance,https://wikidata.org/entity/Q2388073,street,https://fr.parkindigo.com/parking/paris-75013/bords-de-seine-freyssinet-75131000,False,390,10,3,16,190,23.730.091,4.883.515.677,4.2,8.4,12.6,16.8,37.8,13,https://wikidata.org/entity/Q175129,144066050,True,248,2579,124,1289,124,1289,86,902,10,0.4,0.75,13.05
75118-P-068,FIRMIN GEMIER,"5 ter rue firmin gemier, 75018, Paris",rue Firmin-Gémier,https://wikidata.org/entity/Q2415506,street,https://www.sags.fr/parking-paris/paris-firmin-gemier.html,True,127,0,0,0,195,23.301.107,4.889.477.662,-1,-1,-1,-1,-1,18,https://wikidata.org/entity/Q200126,-1,False,200,2000,-1,-1,130,1300,70,700,10,-1,-1,-1
75113-P-152,CITE DE LA MODE AUSTERLITZ (RIVE GAUCHE),"29 ter quai d austerlitz, 75013, Paris",quai d'Austerlitz,https://wikidata.org/entity/Q2413436,quay,https://fr.parkindigo.com/parking/paris-75013/cite-de-la-mode-austerlitz-75130900,False,345,7,4,16,190,237.111.402,4.883.941.726,4.2,8.4,12.6,16.8,37.8,13,https://wikidata.org/entity/Q175129,144066050,True,248,2579,124,1289,124,1289,86,902,10,0.4,0.75,13.05
75106-P-160,SAINT GERMAIN (GARAGE),"169 ter boulevard saint germain, 75006, Paris",boulevard Saint-Germain,https://wikidata.org/entity/Q533037,boulevard,https://fr.parkindigo.com/parking/paris-75000/garage-saint-germain-des-pres-75061300,True,282,0,0,0,190,233.113.826,4.885.421.111,-1,-1,-1,-1,-1,6,https://wikidata.org/entity/Q245546,145491855,True,343,3567,171,1783,171,1783,-1,-1,10,-1,-1,-1
75117-P-154,CARDINET,"149 ter rue cardinet, 75017, Paris",rue Cardinet,https://wikidata.org/entity/Q3447318,street,https://www.sags.fr/parking-paris/-cardinet.html,True,599,12,9,24,195,231.692.093,4.889.006.559,-1,-1,-1,-1,-1,17,https://wikidata.org/entity/Q197297,186220768,True,250,2500,-1,-1,175,1750,87.5,875,10,-1,-1,-1
75116-P-043,PORTE DE SAINT CLOUD,"10 avenue de la porte de saint cloud, 75016, Paris",avenue de la Porte-de-Saint-Cloud,https://wikidata.org/entity/Q2874036,avenue,https://fr.parkindigo.com/parking/paris-75016/porte-de-saint-cloud-75161400,False,1119,28,3,21,190,225.373.418,488.387.931,4.4,8.8,13.2,17.6,39.6,16,https://wikidata.org/entity/Q194420,146512868,True,190,1976,95,988,95,988,66,686,10,0.4,0.8,13.5
75103-P-044,SAINT MARTIN,"245 ter rue saint martin, 75003, Paris",rue Saint-Martin,https://wikidata.org/entity/Q1478999,street,https://fr.parkindigo.com/parking/paris-75003/saint-martin-75030100,False,545,4,0,0,190,235.360.268,4.886.588.384,5.2,10.4,15.6,20.8,46.8,3,https://wikidata.org/entity/Q223140,141720265,True,327,3400,-1,-1,-1,-1,134,1393,-1,-1,-1,-1
75117-P-001,AMPERE,"93 ter rue ampere, 75017, Paris",rue Ampère,https://wikidata.org/entity/Q3446925,street,https://fr.parkindigo.com,True,204,0,0,0,190,229.855.692,4.888.530.074,-1,-1,-1,-1,-1,17,https://wikidata.org/entity/Q197297,141720271,False,325,3250,-1,-1,-1,-1,-1,-1,-1,-1,-1,-1
75113-P-120,CHARLETY COUBERTIN,"27 ter avenue pierre de coubertin, 75013, Paris",avenue Pierre-de-Coubertin,https://wikidata.org/entity/Q2873811,avenue,https://www.saemes.fr/fr/parking/parking-charlety-coubertin,False,407,5,2,22,185,234.427.348,4.881.733.316,4.1,8.2,12.3,16.4,36.9,13,https://wikidata.org/entity/Q175129,145652561,True,129,1380,-1,-1,64.5,690,52,552,18,0.35,0.7,12.6
75104-P-025,LOBAU,"2 quater rue de lobau, 75004, Paris",rue de Lobau,https://wikidata.org/entity/Q3450821,street,https://www.sags.fr/parking-paris/paris-lobau.html,False,788,18,235,119,190,235.340.985,4.885.610.166,4.6,9.2,13.8,18.4,41.4,4,https://wikidata.org/entity/Q230127,142778853,True,275,2750,137.5,1375,179,1790,96.25,962.5,10,0.4,0.8,14.4
75114-P-051,PORTE D ORLEANS,"8 avenue de la porte d orleans, 75014, Paris",avenue de la Porte-d'Orléans,https://wikidata.org/entity/Q2874017,avenue,https://www.saemes.fr/fr/parking/parking-porte-dorleans,False,665,13,2,27,185,232.584.893,488.205.466,4,8,12,16,36,14,https://wikidata.org/entity/Q187153,140520920,True,155,1550,-1,-1,77.5,775,54,542,10,0.35,0.7,12.6
75108-P-061,ROND POINT DES CHAMPS ELYSEES,"2 m rond point des champs elysees marcel dassault, 75008, Paris",rond-point des Champs-Élysées-Marcel-Dassault,https://wikidata.org/entity/Q3441676,roundabout,https://fr.parkindigo.com/parking/paris-75008/rond-point-des-champs-elysees-75080400,False,561,12,0,10,190,231.102.051,4.886.932.976,5.4,10.8,16.2,21.6,48.6,8,https://wikidata.org/entity/Q270230,142250483,True,281,2922,140,1461,140,1461,98,1022,10,0.5,0.95,16.65
75107-P-155,SEVRES BABYLONE,"1 bis rue de babylone, 75007, Paris",rue de Babylone,https://wikidata.org/entity/Q3450552,street,https://fr.parkindigo.com/parking/paris-75007/sevres-babylone-75071100,False,866,18,7,40,190,232.495.873,488.515.934,4.8,9.6,14.4,19.2,43.2,7,https://wikidata.org/entity/Q259463,145484330,True,311,3234,155,1617,155,1617,108,1131,10,0.45,0.85,14.85
